query,large_input_tokens,large_output_tokens,large_total_tokens,large_latency_sec,large_cost,large_answer,small_input_tokens,small_output_tokens,small_total_tokens,small_latency_sec,small_cost,small_answer
0-dimensional biomaterials lack inductive properties.,947,142,1089,0.9092078019998553,0.00022725000000000002,"The provided documents do not contain information about 0‑dimensional biomaterials or their inductive properties, so I cannot answer the statement from the given context.",947,157,1104,0.44693308800015075,0.00011812500000000001,The provided context does not contain information about 0‑dimensional biomaterials or their inductive properties.
1 in 5 million in UK have abnormal PrP positivity.,2308,300,2608,1.0686561519996758,0.0005262,"The documents do not support a prevalence as low as 1 in 5 million. In the large‑scale appendix survey (32 441 samples) 16 were positive, giving an overall prevalence of **493 per million** (≈ 1 in 2 000). Thus the estimated rate of abnormal PrP positivity in the UK is far higher than 1 in 5 million.",2308,263,2571,0.5659159270003329,0.000252,"The data from the large‑scale appendix survey (Document 2) report a prevalence of abnormal PrP of **493 per million** (95 % CI 282–801 per million). This corresponds to roughly **1 in 2,000** people, not **1 in 5 million**. Therefore, the statement “1 in 5 million in the UK have abnormal PrP positivity” is not supported by the evidence provided."
1-1% of colorectal cancer patients are diagnosed with regional or distant metastases.,1945,350,2295,0.94480227799977,0.0005017499999999999,The statement is not supported by the provided documents. Document 1 reports that roughly 19 % (1996‑1999) rising to 23 % (2008‑2011) of colorectal‑cancer patients presented with stage IV disease (synchronous distant metastases). No data in the excerpts suggest a prevalence as low as 1 % for regional or distant metastases.,1945,259,2204,0.6765807869996934,0.000223575,"No. In the Dutch nationwide study (1996‑2011) about 19 % of colorectal cancer patients were diagnosed with stage IV disease (regional or distant metastases), rising to 23 % by 2008‑2011. Thus the proportion is far higher than 1 %."
10% of sudden infant death syndrome (SIDS) deaths happen in newborns aged less than 6 months.,1928,276,2204,1.035316081000019,0.0004548,"The provided documents do not contain information about the proportion of SIDS deaths that occur in infants younger than 6 months, so I cannot confirm or refute the 10 % figure.",1928,201,2129,0.5618391930001962,0.0002049,"I’m sorry, but the provided documents do not contain any information about the proportion of SIDS deaths that occur in infants younger than 6 months. Therefore, I cannot confirm or refute the statement."
32% of liver transplantation programs required patients to discontinue methadone treatment in 2001.,1651,346,1997,12.089293472000008,0.00045525,"The provided documents state that 32 percent of liver‑transplantation programs required patients to discontinue methadone, but they do not specify that this figure applied in 2001. Therefore, the context does not contain enough information to confirm the statement about the year 2001.",1651,318,1969,0.7146193670000685,0.00021922499999999998,"Yes. According to the study, 32 % of liver‑transplantation programs required patients to discontinue methadone treatment."
4-PBA treatment decreases endoplasmic reticulum stress in response to general endoplasmic reticulum stress markers.,1912,192,2104,15.924167501999818,0.00040199999999999996,"The provided documents do not contain any information about 4‑PBA (4‑phenylbutyrate) treatment or its effects on endoplasmic reticulum stress markers, so I cannot answer that question based on the given context.",1912,158,2070,0.41931902199985416,0.00019079999999999998,"The provided documents do not contain any information about 4‑PBA or its effects on ER‑stress markers. Therefore, I cannot confirm or refute the statement based on the given context."
4-PBA treatment raises endoplasmic reticulum stress in response to general endoplasmic reticulum stress markers.,1912,144,2056,14.942160922999847,0.00037319999999999996,"The provided documents do not contain any information about 4‑PBA treatment or its effects on endoplasmic reticulum stress markers, so I cannot answer the question based on the given context.",1912,231,2143,0.4845767420001721,0.0002127,"The provided documents do not contain any information about 4‑phenylbutyric acid (4‑PBA) or its effect on endoplasmic reticulum stress markers. Therefore, I cannot confirm whether 4‑PBA raises ER stress based on the given context."
40mg/day dosage of folic acid and 2mg/day dosage of vitamin B12 does not affect chronic kidney disease (CKD) progression.,2371,343,2714,19.720846554000218,0.0005614499999999999,"Yes. In the randomized trial of patients with advanced chronic kidney disease or end‑stage renal disease, daily supplementation with 40 mg folic acid, 100 mg pyridoxine, and 2 mg cyanocobalamin (vitamin B12) did **not** alter the time to initiation of dialysis (P = 0.38), indicating that this high‑dose regimen did not affect CKD progression.",2371,321,2692,0.7957521710000037,0.00027412499999999995,"The randomized controlled trial (Document 1) evaluated a daily capsule containing 40 mg folic acid and 2 mg cyanocobalamin (vitamin B12) in patients with advanced chronic kidney disease or end‑stage renal disease. Over a median follow‑up of 3.2 years, the study found **no significant difference in time to initiation of dialysis** (a key marker of CKD progression) between the vitamin group and placebo (P = 0.38). Thus, the evidence in this trial indicates that the 40 mg/day folic acid plus 2 mg/day B12 regimen does not affect CKD progression."
5'-nucleotidase metabolizes 6MP.,1946,202,2148,14.866439549999996,0.0004131,"The provided documents do not contain any information about whether 5′‑nucleotidase can metabolize 6‑mercaptopurine (6‑MP). Therefore, based on the given context, I cannot determine whether this statement is true or false.",1946,216,2162,0.8136918899999728,0.00021075,"The provided documents do not mention 6‑mercaptopurine (6MP) as a substrate or product of 5′‑nucleotidase. Therefore, based on the available context, I cannot confirm that 5′‑nucleotidase metabolizes 6MP."
50% of patients exposed to radiation have activated markers of mesenchymal stem cells.,1322,167,1489,10.97634929600008,0.0002985,"The provided documents do not contain any information about the proportion of patients who, after radiation exposure, show activation of mesenchymal stem‑cell markers. Therefore, I cannot confirm or refute the statement based on the given context.",1322,241,1563,0.5448250250001365,0.00017145,"The provided documents do not contain any information about the percentage of patients exposed to radiation who exhibit activated markers of mesenchymal stem cells. Therefore, I cannot confirm or refute the statement based on the given context."
53% of perinatal mortality is due to low birth weight.,2433,203,2636,19.169378859000062,0.00048674999999999993,"The provided documents do not contain information about what proportion of perinatal mortality is attributable to low birth weight, so I cannot confirm or refute the statement that 53 % of perinatal mortality is due to low birth weight.",2433,260,2693,0.8386177600000337,0.000260475,"The provided documents do not contain any statement or data indicating that 53 % of perinatal mortality is attributable to low birth weight. Therefore, based on the available context, I cannot confirm or refute that claim."
61% of colorectal cancer patients are diagnosed with regional or distant metastases.,1943,194,2137,14.868365235000056,0.00040785,"The provided documents do not contain a statistic indicating that 61 % of colorectal‑cancer patients are diagnosed with regional or distant metastases, so I cannot confirm or refute that figure based on the given information.",1943,217,2160,0.9024316429999999,0.000210825,The provided documents do not contain any information indicating that 61 % of colorectal cancer patients are diagnosed with regional or distant metastases.
7-day-old adult Caenorhabditis elegans exhibit approximately 5% of the learning capacity seen in 1-day old adults.,1418,219,1637,12.006113800999628,0.00034409999999999996,"The provided documents do not contain quantitative data on the learning capacity of 7‑day‑old versus 1‑day‑old C. elegans, so I cannot confirm or refute the claim that 7‑day‑old adults retain only about 5 % of the learning ability of 1‑day‑old adults.",1418,303,1721,2.7386512210000546,0.00019725,"The provided documents do not contain any specific quantitative data about the learning capacity of 7‑day‑old versus 1‑day‑old *Caenorhabditis elegans*. Therefore, I cannot confirm whether 7‑day‑old adults exhibit approximately 5 % of the learning capacity seen in 1‑day‑old adults."
7-day-old adult Caenorhabditis elegans exhibit approximately 75% of the learning capacity seen in 1-day old adults.,1418,218,1636,8.93213856400007,0.0003435,"The provided documents do not contain quantitative data about the learning capacity of 7‑day‑old versus 1‑day‑old adult C. elegans, so I cannot confirm or refute the statement that 7‑day‑old adults retain about 75 % of the learning capacity of 1‑day‑old adults.",1418,248,1666,5.748557100999733,0.00018075,"I’m sorry, but the provided documents do not contain any information about the specific learning capacity of 7‑day‑old versus 1‑day‑old *Caenorhabditis elegans*, so I cannot confirm or refute that statement."
70% of burn patients are admitted for hospitalization and further treatment after appearing at hospital emergency wards or outpatient clinics.,2203,190,2393,12.952292043999933,0.00044445,"The provided documents do not contain any information about the proportion of burn patients who are admitted for hospitalization after presenting to emergency wards or outpatient clinics, so I cannot confirm or refute the 70 % figure.",2203,190,2393,0.5570550040001763,0.000222225,"The provided documents do not contain any information about the proportion of burn patients who are admitted to hospital after presenting to emergency wards or outpatient clinics. Therefore, I cannot confirm or refute the statement that 70 % of burn patients are admitted."
76-85% of people with severe mental disorder receive no treatment in low and middle income countries.,2258,276,2534,17.160651016999964,0.0005043,"Yes. In the WHO World Mental Health Surveys, the authors reported that **76.3 % to 85.4 % of serious (severe) mental‑disorder cases in less‑developed countries—i.e., low‑ and middle‑income settings—received no treatment in the 12 months before the interview**【Document 1】.",2258,209,2467,6.2692989910001415,0.00023205,"Yes.  In the WHO World Mental Health Survey, 76.3 % to 85.4 % of serious (i.e., “serious” DSM‑IV) cases in less‑developed (low‑ and middle‑income) countries received no treatment in the 12 months before the interview."
90% of patients with melanoma and an objective response to PD-1 blockade will experience a progression in their melanoma.,2374,307,2681,14.256610002999878,0.0005403,"The provided documents do not support the claim that 90 % of melanoma patients who achieve an objective response to PD‑1 blockade later experience disease progression. In the pembrolizumab trial (Document 2), 74 % of the observed responses were still ongoing at the time of data cutoff, with 44 % lasting at least one year and 79 % lasting at least six months. These figures indicate that many responders maintain durable disease control, not that the vast majority subsequently progress. Therefore, the statement is not substantiated by the given context.",2374,276,2650,0.7341001730001153,0.00026084999999999997,"The provided documents do not contain any data indicating that 90 % of melanoma patients who achieve an objective response to PD‑1 blockade subsequently experience disease progression. Therefore, I cannot confirm or refute that statement based on the available context."
90% of sudden infant death syndrome (SIDS) deaths happen in newborns aged less than 6 months.,1928,202,2130,14.903365516999656,0.0004104,"The provided documents do not contain any information about the proportion of SIDS deaths that occur in infants younger than 6 months, so I cannot confirm or refute the statement that 90 % of SIDS deaths happen in that age group.",1928,259,2187,0.5591012269997009,0.00022229999999999998,"The provided documents do not give any evidence that 90 % of SIDS deaths occur in infants younger than 6 months. In fact, one source notes that SIDS is the leading cause of death for infants aged 1 month to 1 year, indicating that many SIDS deaths happen after the first month of life. Therefore, the statement cannot be confirmed from the given context."
A 100g dose of chloroquine chemoprophylactic regimen results in retinal toxicity after 1 year of weekly intake.,2009,267,2276,16.247048152999923,0.00046154999999999997,"The provided documents do not contain any information about retinal toxicity caused by a weekly 100 g chloroquine chemoprophylaxis regimen, nor do they give data on the dose required to produce such toxicity. Therefore, based on the given context, I cannot confirm or refute that statement.",2009,192,2201,1.5871268050000253,0.00020827499999999998,"The provided documents do not contain any information indicating that a 100 g dose of chloroquine taken weekly for one year causes retinal toxicity. Therefore, based on the available context, I cannot confirm that statement."
A 100g dose of chloroquine chemoprophylactic regimen results in retinal toxicity after 5-6 years of weekly intake.,2011,233,2244,15.996507320000092,0.00044145,"The provided documents do not contain information about retinal toxicity resulting from a 100 g weekly chloroquine chemoprophylactic regimen over 5–6 years, so I cannot confirm or refute that statement based on the given context.",2011,262,2273,0.5791727169998921,0.000229425,"The documents provided do not contain any information indicating that a 100 g dose of chloroquine used weekly for 5–6 years causes retinal toxicity. No mention of retinal side‑effects, cumulative dose thresholds, or long‑term ocular outcomes for chloroquine is present in the supplied context. Therefore, based on the available information, this claim cannot be confirmed."
